{"sub": [2, 2, 2, 2, 3, 3, 3, 3, 4, 4, 4, 4, 5, 5, 5, 5, 6, 6, 6, 6, 7, 7, 7, 7, 8, 8, 8, 8, 9, 9, 9, 9, 10, 10, 10, 10, 11, 11, 11, 11, 12, 12, 12, 12, 13, 13, 13, 13, 15, 15, 15, 15, 16, 16, 16, 16, 18, 18, 18, 18, 19, 19, 19, 19, 20, 20, 20, 20, 2, 2, 2, 2, 3, 3, 3, 3, 4, 4, 4, 4, 5, 5, 5, 5, 6, 6, 6, 6, 7, 7, 7, 7, 8, 8, 8, 8, 9, 9, 9, 9, 10, 10, 10, 10, 11, 11, 11, 11, 12, 12, 12, 12, 13, 13, 13, 13, 15, 15, 15, 15, 16, 16, 16, 16, 18, 18, 18, 18, 19, 19, 19, 19, 20, 20, 20, 20, 2, 2, 2, 2, 3, 3, 3, 3, 4, 4, 4, 4, 5, 5, 5, 5, 6, 6, 6, 6, 7, 7, 7, 7, 8, 8, 8, 8, 9, 9, 9, 9, 10, 10, 10, 10, 11, 11, 11, 11, 12, 12, 12, 12, 13, 13, 13, 13, 15, 15, 15, 15, 16, 16, 16, 16, 18, 18, 18, 18, 19, 19, 19, 19, 20, 20, 20, 20, 2, 2, 2, 2, 3, 3, 3, 3, 4, 4, 4, 4, 5, 5, 5, 5, 6, 6, 6, 6, 7, 7, 7, 7, 8, 8, 8, 8, 9, 9, 9, 9, 10, 10, 10, 10, 11, 11, 11, 11, 12, 12, 12, 12, 13, 13, 13, 13, 15, 15, 15, 15, 16, 16, 16, 16, 18, 18, 18, 18, 19, 19, 19, 19, 20, 20, 20, 20, 2, 2, 2, 2, 3, 3, 3, 3, 4, 4, 4, 4, 5, 5, 5, 5, 6, 6, 6, 6, 7, 7, 7, 7, 8, 8, 8, 8, 9, 9, 9, 9, 10, 10, 10, 10, 11, 11, 11, 11, 12, 12, 12, 12, 13, 13, 13, 13, 15, 15, 15, 15, 16, 16, 16, 16, 18, 18, 18, 18, 19, 19, 19, 19, 20, 20, 20, 20], "locs": [1, 1, 1, 1, 1, 1, 1, 1, 1, 1, 1, 1, 1, 1, 1, 1, 1, 1, 1, 1, 1, 1, 1, 1, 1, 1, 1, 1, 1, 1, 1, 1, 1, 1, 1, 1, 1, 1, 1, 1, 1, 1, 1, 1, 1, 1, 1, 1, 1, 1, 1, 1, 1, 1, 1, 1, 1, 1, 1, 1, 1, 1, 1, 1, 1, 1, 1, 1, 2, 2, 2, 2, 2, 2, 2, 2, 2, 2, 2, 2, 2, 2, 2, 2, 2, 2, 2, 2, 2, 2, 2, 2, 2, 2, 2, 2, 2, 2, 2, 2, 2, 2, 2, 2, 2, 2, 2, 2, 2, 2, 2, 2, 2, 2, 2, 2, 2, 2, 2, 2, 2, 2, 2, 2, 2, 2, 2, 2, 2, 2, 2, 2, 2, 2, 2, 2, 3, 3, 3, 3, 3, 3, 3, 3, 3, 3, 3, 3, 3, 3, 3, 3, 3, 3, 3, 3, 3, 3, 3, 3, 3, 3, 3, 3, 3, 3, 3, 3, 3, 3, 3, 3, 3, 3, 3, 3, 3, 3, 3, 3, 3, 3, 3, 3, 3, 3, 3, 3, 3, 3, 3, 3, 3, 3, 3, 3, 3, 3, 3, 3, 3, 3, 3, 3, 4, 4, 4, 4, 4, 4, 4, 4, 4, 4, 4, 4, 4, 4, 4, 4, 4, 4, 4, 4, 4, 4, 4, 4, 4, 4, 4, 4, 4, 4, 4, 4, 4, 4, 4, 4, 4, 4, 4, 4, 4, 4, 4, 4, 4, 4, 4, 4, 4, 4, 4, 4, 4, 4, 4, 4, 4, 4, 4, 4, 4, 4, 4, 4, 4, 4, 4, 4, 5, 5, 5, 5, 5, 5, 5, 5, 5, 5, 5, 5, 5, 5, 5, 5, 5, 5, 5, 5, 5, 5, 5, 5, 5, 5, 5, 5, 5, 5, 5, 5, 5, 5, 5, 5, 5, 5, 5, 5, 5, 5, 5, 5, 5, 5, 5, 5, 5, 5, 5, 5, 5, 5, 5, 5, 5, 5, 5, 5, 5, 5, 5, 5, 5, 5, 5, 5], "compornent": [-0.1941707066538489, -13.856951609338592, 2.105076254308195, 4.967452965061967, -19.453807726962165, -14.355579266361856, -4.235691265298513, -3.3707741384139216, -0.2551963718874288, -0.1014057348671353, -3.7048418259693747, -2.075084201406396, -9.843287480420175, -6.74342377655291, 2.3721882372310334, -1.5507965355847604, -3.1590967581874634, 4.124212113677986, 3.6532089061479835, 0.7246619984451432, -0.7343510705773403, -5.7457313322374866, 1.0493470176141764, -4.454624984177656, -50.121722471623194, -50.902380801470166, 3.3012230909542657, 0.17632073308884863, 26.992914423934277, 12.803893001532298, -4.951449673677142, -2.7528630408844084, -26.474297793736923, -35.406082933372076, -0.31792066397157726, 3.039991000994387, -30.621864593840666, -25.01489535044687, 2.6338262208500742, 4.598356977204282, -15.33033614295022, -15.617593353545953, -7.488645941683268, 1.1807458261653505, 14.692297514396428, -15.607580449630184, 4.807840004982144, 4.15720744091185, 1.9179321588690281, 11.119715122352973, -3.6037297077346535, -2.1128849851026796, 17.83642122514807, -5.824023884911884, -5.201291143511056, -0.37576107857235747, -8.886679763369598, -6.304712891794609, -9.990832230726488, -8.873689910800989, 17.552926777713303, -9.928315972918872, -2.6299140811195048, 0.08817159341854092, 2.946302500579338, 1.33452371869187, 0.0884332312318674, 2.6760001592834706, -4.685526602457867, 13.754931949591533, 0.9312828592766812, 3.8959739086165586, -8.854026576080512, -13.677341510474877, -3.860352041765714, -5.697456768010405, 3.2195407576660457, 6.639593902543598, 4.64717483162689, 1.0220531713434429, -6.122309456075047, -3.2170937415695384, -0.5418002984400997, 1.746541894474504, 31.552044220991498, 16.32601912243788, -2.2590734688049228, -5.552454644430153, -4.093342833963882, -0.5233641911841804, -1.2025810896451674, -0.07150920313471652, -35.60421755448299, -40.78705208515269, 2.8273493234968754, 3.7438470656316967, 22.077595413337047, 19.581217384783553, -4.490222664500152, -2.978191895619347, -13.933196706606484, -28.61290131623893, -0.18025811610969722, 6.016836861909599, -18.274996328425708, -21.13111273597953, 5.406054673829418, 1.9544040456651508, -13.606483956976632, -16.5945086821539, -2.9686400964375617, -6.0752434068866386, 24.237377207563345, 37.73342004556187, 0.8145707339230538, 0.5139968253875651, -4.086764968613483, 11.034095319894863, -4.866360249173381, -6.639265989396182, 27.49753496651149, 10.543935223258568, -6.519381081756089, -3.1642111385110367, 6.989972103317685, 5.998276200850138, -5.456695635473546, -9.455675220524254, 14.48157518128708, 12.859271855738042, 1.9558062082209788, 2.4740274063190273, 5.470476048819278, -1.0759797376954907, 0.8664213697458684, 0.07010296709894633, 26.701405327693458, 27.140760099749194, 5.741767641794287, 11.35060927559463, 26.144560482122316, 2.9941571712750443, -1.431973499384938, 3.7468429133547447, 15.923925102866532, 17.000291571541432, 6.048444765661296, 6.584201878392312, 9.739959897369216, 5.755185898831841, 6.85114641593215, 5.329947902234424, 75.59234282078963, 55.09519813243775, 2.559905608364998, -0.7184395889913942, -5.021422421184797, -2.0370275227840877, -1.86974938757488, -1.9282061395157617, -22.189741976440278, -48.08524763722704, 12.664308099867814, 5.7845654456372495, 32.14933587307791, 36.06974195499077, 5.114396835223374, 5.1161091393079, -26.724044904652732, -25.87281231951074, 9.733778937454137, 6.265627087019319, -12.600776297834276, -34.27126718126935, 0.7122617368386336, 1.5594694012944204, -6.294586661381071, -25.308220081978924, 0.659842384893882, -1.479644456843504, 25.574111591181897, 36.60193568356246, 13.700146515134398, 10.373904140678432, 21.571129770282848, -0.09012235536314464, 5.254179920647919, 8.082516337724824, 27.55572169552129, 14.508866886729416, -1.1960679441916289, -0.28110577711221485, 10.132552679780412, 4.95016229725139, -3.5476380042659628, -3.444714590397192, 29.213173605376507, -4.260021903951704, 4.5451294494373355, 7.526421543489247, 4.678365920537753, 16.527210128152905, 3.3567608918523684, 8.18285811014099, -19.786055992517497, 4.521467320778964, 1.2529141535369748, -0.431667643059301, -14.007019289042482, -8.297946099157882, -3.7619917270649452, -6.074506488996239, 3.169264031734306, 0.8057321925855442, -3.026233028390936, -6.421752690958674, -7.31152208979636, -1.8370001479768732, -4.246057026051939, -0.19990504076689772, 15.777169734540404, 19.271250096831533, -2.3050907917967205, -2.702456415766394, -0.40687750035172904, 5.971269135682017, 1.1754451866495426, -1.540099233032366, -41.492809878167044, -31.46379728143924, 3.1793436648954514, 5.1998438965837925, 20.877428195418, 23.38435722491221, -5.328222403587213, -5.948960675520623, -35.76731035097544, -19.26770014939267, 0.865658183826438, -3.4625207984638875, -14.1425285324332, -32.60925608655733, 4.855141391869017, -2.5159027738102453, -8.177471116304726, -21.6203109378014, 1.8652480831474716, -3.371652703419336, 18.83949871438738, 22.492796192944436, 6.527267908540391, -2.8427349450034494, 4.347136081230116, -3.7557113726958398, -0.70385429517863, -3.138864702286491, 23.52396282972371, 5.87787214334626, -7.317465450699169, -8.438607135643718, -2.689399538314915, -14.400778517543758, -7.603848616222512, -6.479794042814539, 7.382385459842425, -1.0647874744087205, -2.3868032372802976, 3.093495786392482, 6.237521764080614, 11.699740129931834, 2.748110221248523, -2.6596649692217444, -2.7507679478328004, 7.1563060262678535, 2.4902430873660117, 0.5829349920005255, -14.737434657984307, 0.8814708854238336, -5.927961261436155, -2.5890002695573875, 2.6036128775959484, -13.895396853610523, -4.000282881329165, -2.2276118277464416, -13.333561771957882, -5.860287569155013, 3.269733094844762, 