{"sub": [2, 2, 2, 2, 2, 2, 2, 2, 2, 2, 3, 3, 3, 3, 3, 3, 3, 3, 3, 4, 4, 4, 4, 4, 4, 4, 4, 4, 4, 5, 5, 5, 5, 5, 5, 5, 5, 5, 5, 6, 6, 6, 6, 6, 6, 6, 6, 6, 6, 7, 7, 7, 7, 7, 7, 7, 7, 7, 7, 8, 8, 8, 8, 8, 8, 8, 9, 9, 9, 9, 9, 9, 9, 9, 9, 9, 10, 10, 10, 10, 11, 11, 11, 11, 11, 11, 11, 12, 12, 12, 12, 12, 12, 12, 12, 12, 12, 13, 13, 13, 13, 13, 13, 13, 13, 13, 15, 15, 15, 15, 15, 15, 15, 15, 15, 15, 16, 16, 16, 16, 16, 16, 16, 16, 16, 18, 18, 18, 18, 18, 18, 18, 18, 19, 19, 19, 19, 19, 19, 19, 19, 19, 19, 20, 20, 20, 20, 20, 20, 20, 20, 20], "condition": [1, 2, 3, 4, 5, 6, 7, 8, 9, 10, 1, 3, 4, 5, 6, 7, 8, 9, 10, 1, 2, 3, 4, 5, 6, 7, 8, 9, 10, 1, 2, 3, 4, 5, 6, 7, 8, 9, 10, 1, 2, 3, 4, 5, 6, 7, 8, 9, 10, 1, 2, 3, 4, 5, 6, 7, 8, 9, 10, 3, 5, 6, 7, 8, 9, 10, 1, 2, 3, 4, 5, 6, 7, 8, 9, 10, 2, 4, 5, 9, 2, 3, 4, 5, 6, 7, 9, 1, 2, 3, 4, 5, 6, 7, 8, 9, 10, 1, 2, 3, 4, 5, 6, 7, 8, 9, 1, 2, 3, 4, 5, 6, 7, 8, 9, 10, 2, 3, 4, 5, 6, 7, 8, 9, 10, 1, 2, 3, 4, 5, 7, 8, 9, 1, 2, 3, 4, 5, 6, 7, 8, 9, 10, 1, 2, 3, 4, 5, 7, 8, 9, 10], "diff_f0": [-0.0967236045647288, -0.1248045104705889, -1.0002194175102659, -0.02107745608555442, -0.010042885948605723, -0.004458778146333664, -0.31087665728842245, -0.9057118452633806, -0.029324424434997484, -0.22823295925545017, -0.2012685416043365, -0.5268946288317612, -0.0044039006588592056, 0.007500429583197299, -3.997448156689565e-05, 0.00010076439861439468, -0.32391350102417366, -0.003290192875331055, -0.00023477411663380687, -0.12209056194454328, -0.3690309932685484, -0.7140798006088199, -0.10967018585672984, -0.14086067766356122, -0.057060141047488855, -0.061181683827907306, -0.5665781157174822, -0.06418294124546536, -0.060429432002429895, -0.2573814963706241, -0.22247889553872952, -0.5360900805980621, -0.19096228356735814, -0.08789115622089119, -0.2542229784521189, -0.19552436261563222, -0.5570796590749736, -0.1973835445488096, -0.15986262084395989, -0.2663546951768209, -0.49511773562304956, -1.4379776234161137, -4.553760139955343e-05, -0.4696034977093833, -0.2083841834466879, -0.22494663102800638, -0.09429537921375586, -0.25099325077585405, -0.000974389998676134, -0.046089555365629725, -0.07602284199936257, -0.052962257184645124, -0.04186790517926115, -0.20817850213402989, -0.01959125461597533, -0.09214112675246071, -0.014340326576695709, -0.1489675754231652, -0.08563424450408191, -0.28298435589482746, -0.05068054068160992, -0.004467765702362625, -0.00020883714654873486, -0.012379074182688896, -0.05490278095892154, -0.00012398228408960765, -0.3912793785592786, -0.26436968955783124, -0.7659316778776717, -0.34590424570565576, -0.32704689677866444, -0.23717679909263617, -0.24861062093163616, -0.878695302208773, -0.23567928608258487, -0.22846691822444365, -0.001470248709151467, -0.00114005998736455, -0.00036799063858017345, 0.00021939389695080358, -0.07085930557607568, -0.2584890279382165, -0.022282238211107364, -0.1032264418145403, -0.02367860973857361, -0.003919414198031129, -0.002963515209660539, -0.00038568528968985216, -0.01090792577539132, -0.16169004132326611, -0.12916518996406456, -0.046511667931172895, -0.042524643483001515, -0.005510342688205688, -0.06146294815000175, -3.7492694305418794e-05, -0.04912076005249624, -0.01119622135032411, -0.4185988976225397, -0.9298631288163861, -0.17500397451087057, -0.48656120858967367, -0.04929053213405343, -0.11072372927727525, -0.06870404963244958, -0.35872588047482307, -0.03479783664785002, -0.03478589322503747, -0.6667386296545661, -0.00015492254132797034, -0.03203350335803899, -0.2475899978980722, -0.15312704832321802, -0.5415969679734619, 0.007348209815341067, -0.010516381741156752, -0.3163742598529389, -0.7280419900117345, -0.2478589614482627, -0.37985597456509074, -0.10528227501111445, -0.20138585332566733, -0.5039862938719692, -0.11900812838813726, -0.07572695334106924, -0.42980058295601276, -0.022531766894435493, -0.2791046518549858, -0.043895657197002835, -4.2742512015442324e-06, -0.019197873208846084, -0.17566119933205748, -0.07272494964563403, -0.3059019406645624, -0.3434244444441976, -0.7315606250073403, -0.1632636435803358, -0.2821811196435147, -0.15747077887734698, -0.22524993590149822, -0.35268891395935076, -0.136928775746165, -0.1746676265349324, -0.044817893608098916, -0.10760872933153633, -0.3092973370398982, -0.06894827460731133, -0.08792142605339479, -0.15221561254227478, -0.6091768484991036, -0.09648783825361411, -0.12169425775410717], "diff_f1": [0.1806524816799573, 0.440961032900405, 0.26090734733607424, 0.5212856297684758, 0.04472266926594398, 0.0862418243543388, 0.05092276406511159, 0.15230237116542178, 0.004891838288052244, 0.2175259256871112, -0.030322477238921675, 5.136663379035067e-06, 0.04950835361672162, -0.2126507615864161, -0.05122216724786266, -0.10287731900600539, 0.5887108684618805, 0.026670791756671974, -0.16201704019949648, 0.19987090144257036, 0.5635420439110858, 0.5570641582252841, 0.05090905298779637, 0.335062033006715, 0.1594015813343215, 0.029610913363931884, 0.42023046958757165, 0.06768001158324038, 0.002572376098121998, 0.7471265120845997, 0.4874237928263704, 0.5177156634495276, 0.7095259777958416, 0.6728660883706917, 0.5075435006967515, 0.5758687569552207, 0.28540510117786666, 0.4429656686341832, 0.3761222718407542, 0.22391129676226595, 0.05739172160344619, 0.0005742564734314559, 0.06360836167489094, 0.08849493339538217, 0.2048376677530841, 0.17281081703278764, 0.01842973827132588, 0.05223608885989618, 0.14212440632502404, 0.17698243728701785, 0.3388628618540683, 0.3568783713565737, 0.09567336195720497, 0.27367857280054575, 0.2608923528293733, 0.10338525840109247, 0.26959861901501875, 0.08505715642918739, 0.26447977544624984, 1.354404557877234, 1.03069953613309, 0.06964425975452238, 0.29504584037459247, 1.3511186577872765, 0.14721115515244576, 1.1417737089990156, 0.19433474879642762, 0.10731672340058879, 0.13563820554612682, 0.14905359177824484, 0.06936749258060554, 0.19010622210452083, 0.05992709060230386, 0.19196493764795264, 0.06039277205749995, 0.08227480709246977, -0.12792142785812327, 0.07480953646091437, -0.06486140200403001, -0.3315246663738506, 0.49483353887512765, 0.6532940457625429, 0.2883800299515966, 1.01332264890448, 0.6213300663776269, 0.5398123459506594, 0.22215367831718802, 0.4059298078343924, 0.6173118592631482, 0.5380833600214595, 0.4716759626356898, 0.07415744581002182, 0.6191210303247409, 0.681504008943574, 0.9382775779937792, 0.445923898564573, 0.33385685818233407, 0.07878696549449485, 0.020701145007705535, 3.132585540932542e-05, 0.42354023881390124, 0.0007015408578370796, 0.659744139226806, 0.07141848100501047, 0.4213957259310733, -0.014142670866345908, 0.01791869097394011, 0.14443412225169486, 0.1513683739511611, -0.08759522376364604, -0.006775535525752718, 0.3083207258276428, 0.16424252250185983, 0.9012472461541801, 0.19305709734401888, 0.04664331354411759, 0.051895181810338725, 0.15694813055696627, 0.010135233968516254, -6.996797516206632e-05, 0.09335187968167394, 0.0006734139672455314, 0.186166378277794, 0.0611803883954595, 0.016430781170082676, 0.0047482143608580385, 0.15856547106244123, 0.2277351319675219, -0.0002947790732563682, -0.22105262269438403, 0.03858447806907195, 0.20641603632950678, 0.11296506016259622, 0.01894786165374779, 0.008142219201003331, 0.013163365902363333, 0.015011167761846758, 0.03341861456099228, 0.32321033343907135, 1.4500333213568473e-05, 0.2742744223515372, 0.07267314804197209, 0.07067713218373312, 0.1072429147196251, 0.17918683075205855, 0.5608157006267243, 0.0067332307753868535, 0.03876304732403649, 0.3475865153024139, 0.245256980862606, 0.06610370725081453, 0.09232719774621076]}